<?xml version="1.0" encoding="UTF-8"?>
<jcr:root xmlns:sling="http://sling.apache.org/jcr/sling/1.0" xmlns:cq="http://www.day.com/jcr/cq/1.0" xmlns:jcr="http://www.jcp.org/jcr/1.0" xmlns:nt="http://www.jcp.org/jcr/nt/1.0"
    jcr:primaryType="cq:Page">
    <jcr:content
        cq:contextHubPath="/libs/settings/cloudsettings/legacy/contexthub"
        cq:contextHubSegmentsPath="/conf/Project/settings/wcm/segments"
        cq:lastModified="{Date}2022-05-18T15:40:30.104+05:30"
        cq:lastModifiedBy="admin"
        cq:template="/conf/Project/settings/wcm/templates/content-page"
        jcr:primaryType="cq:PageContent"
        jcr:title="Wknd"
        sling:resourceType="Project/components/structure/page"
        socialMedia="[facebook,pinterest]">
        <root
            jcr:primaryType="nt:unstructured"
            sling:resourceType="wcm/foundation/components/responsivegrid">
            <responsivegrid
                jcr:primaryType="nt:unstructured"
                sling:resourceType="wcm/foundation/components/responsivegrid">
                <container
                    jcr:created="{Date}2022-05-18T15:08:02.919+05:30"
                    jcr:createdBy="admin"
                    jcr:lastModified="{Date}2022-05-18T15:08:02.919+05:30"
                    jcr:lastModifiedBy="admin"
                    jcr:primaryType="nt:unstructured"
                    sling:resourceType="Project/components/content/container">
                    <image
                        jcr:created="{Date}2022-05-18T15:08:20.137+05:30"
                        jcr:createdBy="admin"
                        jcr:lastModified="{Date}2022-05-18T15:17:05.818+05:30"
                        jcr:lastModifiedBy="admin"
                        jcr:primaryType="nt:unstructured"
                        sling:resourceType="Project/components/content/image"
                        altValueFromDAM="true"
                        displayPopupTitle="true"
                        fileReference="/content/dam/Milestone/en/site/wknd-logo-dk.svg"
                        isDecorative="false"
                        linkURL="/content/Project/en/wknd"
                        titleValueFromDAM="true"/>
                    <cq:responsive jcr:primaryType="nt:unstructured">
                        <default
                            jcr:primaryType="nt:unstructured"
                            offset="0"
                            width="2"/>
                    </cq:responsive>
                </container>
                <container_1061215931
                    jcr:created="{Date}2022-05-18T15:18:27.830+05:30"
                    jcr:createdBy="admin"
                    jcr:lastModified="{Date}2022-05-18T15:18:27.830+05:30"
                    jcr:lastModifiedBy="admin"
                    jcr:primaryType="nt:unstructured"
                    sling:resourceType="Project/components/content/container">
                    <navigation
                        jcr:created="{Date}2022-05-18T15:18:37.742+05:30"
                        jcr:createdBy="admin"
                        jcr:lastModified="{Date}2022-05-18T15:18:53.657+05:30"
                        jcr:lastModifiedBy="admin"
                        jcr:primaryType="nt:unstructured"
                        sling:resourceType="Project/components/content/navigation"
                        collectAllPages="true"
                        navigationRoot="/content/Project/en/navigation"
                        skipNavigationRoot="true"/>
                    <cq:responsive jcr:primaryType="nt:unstructured">
                        <default
                            jcr:primaryType="nt:unstructured"
                            offset="0"
                            width="3"/>
                    </cq:responsive>
                </container_1061215931>
                <container_556335050
                    jcr:created="{Date}2022-05-18T15:19:18.721+05:30"
                    jcr:createdBy="admin"
                    jcr:lastModified="{Date}2022-05-18T15:19:18.721+05:30"
                    jcr:lastModifiedBy="admin"
                    jcr:primaryType="nt:unstructured"
                    sling:resourceType="Project/components/content/container">
                    <search
                        jcr:created="{Date}2022-05-18T15:19:23.479+05:30"
                        jcr:createdBy="admin"
                        jcr:lastModified="{Date}2022-05-18T15:19:23.479+05:30"
                        jcr:lastModifiedBy="admin"
                        jcr:primaryType="nt:unstructured"
                        sling:resourceType="Project/components/content/search"/>
                    <cq:responsive jcr:primaryType="nt:unstructured">
                        <default
                            jcr:primaryType="nt:unstructured"
                            offset="1"
                            width="2"/>
                    </cq:responsive>
                </container_556335050>
                <image
                    jcr:created="{Date}2022-05-18T15:20:42.440+05:30"
                    jcr:createdBy="admin"
                    jcr:lastModified="{Date}2022-05-18T15:22:01.487+05:30"
                    jcr:lastModifiedBy="admin"
                    jcr:primaryType="nt:unstructured"
                    sling:resourceType="Project/components/content/image"
                    altValueFromDAM="true"
                    displayPopupTitle="true"
                    fileReference="/content/dam/Milestone/en/magazine/la-skateparks/robson-hatsukami-morgan-280159.jpg"
                    isDecorative="false"
                    titleValueFromDAM="true"/>
                <container_638649202
                    jcr:created="{Date}2022-05-18T15:22:23.492+05:30"
                    jcr:createdBy="admin"
                    jcr:lastModified="{Date}2022-05-18T15:22:23.492+05:30"
                    jcr:lastModifiedBy="admin"
                    jcr:primaryType="nt:unstructured"
                    sling:resourceType="Project/components/content/container">
                    <text
                        jcr:created="{Date}2022-05-18T15:22:28.728+05:30"
                        jcr:createdBy="admin"
                        jcr:lastModified="{Date}2022-05-18T15:22:59.748+05:30"
                        jcr:lastModifiedBy="admin"
                        jcr:primaryType="nt:unstructured"
                        sling:resourceType="Project/components/content/text"
                        text="&lt;h1>Ultimate Guide to LA Skateparks&lt;/h1>&#xd;&#xa;"
                        textIsRich="true"/>
                    <text_752273761
                        jcr:created="{Date}2022-05-18T15:23:16.543+05:30"
                        jcr:createdBy="admin"
                        jcr:lastModified="{Date}2022-05-18T15:23:24.211+05:30"
                        jcr:lastModifiedBy="admin"
                        jcr:primaryType="nt:unstructured"
                        sling:resourceType="Project/components/content/text"
                        text="&lt;h2>BY STACEY ROSWELLS&lt;/h2>&#xd;&#xa;&lt;p>Contrary to popular belief skateboarding, the sport as we know it was not invented by Marty McFly as depicted in the box office hit&amp;nbsp;&lt;i>Back to the Future.&lt;/i>&amp;nbsp;It is widely considered that the sport was invented in California by surfers who wanted something to do when the ocean waves went &amp;quot;flat&amp;quot; or in non-surfer terms when there were no waves in the early 1950s. This was termed &amp;quot;sidewalk surfing&amp;quot; as a never ending wave that surfers could drop in on, unless it was raining. Los Angeles is long considered the epicenter of this alternative sport. The sport grew slowly, mostly on the west coast, finally becoming mainstream into the 1980s. In the summer of 2020 skateboarding will make its debut in the Olympics. In honor of this historic achievment we tracked down the top skate spots in greater Los Angeles.&lt;/p>&#xd;&#xa;"
                        textIsRich="true"/>
                    <text_890075331
                        jcr:created="{Date}2022-05-18T15:23:49.502+05:30"
                        jcr:createdBy="admin"
                        jcr:lastModified="{Date}2022-05-18T15:35:18.370+05:30"
                        jcr:lastModifiedBy="admin"
                        jcr:primaryType="nt:unstructured"
                        sling:resourceType="Project/components/content/text"
                        text="&lt;blockquote>&lt;i>&amp;quot;There is no better place to shred then Los Angeles&amp;quot;&lt;/i>&lt;/blockquote>&#xd;&#xa;&lt;p>&lt;i style=&quot;font-size: 0.8125rem;&quot;>Jacob Wester - Pro Skater&lt;/i>&lt;/p>&#xd;&#xa;"
                        textIsRich="true"/>
                    <text_610293261
                        jcr:created="{Date}2022-05-18T15:25:36.766+05:30"
                        jcr:createdBy="admin"
                        jcr:lastModified="{Date}2022-05-18T15:25:50.705+05:30"
                        jcr:lastModifiedBy="admin"
                        jcr:primaryType="nt:unstructured"
                        sling:resourceType="Project/components/content/text"
                        text="&lt;h2>Vans Off the Wall Skatepark&lt;/h2>&#xd;&#xa;&lt;p>&lt;b>Vans off the Wall Skatepark, Huntington Beach&lt;/b>&amp;nbsp;located in Orange County, Vans Huntington Beach is a skate park paradise. With a cool ocean breeze and always sunny weather makes this destination a good time, anytime. The layout includes an enormous street skating area with something for everyone. There are multiple connecting bowls, easily 15 feet deep which contain top of the line concrete and is well maintained. Multiple stairs, rails, and ramps complete this great skatepark. Whether your an amateur, still attempting your first kick flip or an experience pro, polishing off that back-side 900 Vans H.B. will have something for you.&lt;/p>&#xd;&#xa;"
                        textIsRich="true"/>
                    <text_2104177718
                        jcr:created="{Date}2022-05-18T15:26:08.965+05:30"
                        jcr:createdBy="admin"
                        jcr:lastModified="{Date}2022-05-18T15:26:13.740+05:30"
                        jcr:lastModifiedBy="admin"
                        jcr:primaryType="nt:unstructured"
                        sling:resourceType="Project/components/content/text"
                        text="&lt;p>&lt;b>Moorpark Skate Park&lt;/b>&amp;nbsp;located in Ventura County, Moorpark is considered the area's premier skatepark. Moorpark skate park, &amp;quot;M.P.&amp;quot; for short, offers a wide variety of challenges and terrain for different skill sets. An isolated beginner area features low walls for beginners just getting their feet wet and ensures a safe space for learning progression. M.P. also includes an incredible bowl that was specifically designed to look like a backyard pool. Nearby you can also visit the Skateboarding Hall of Fame Museum, featuring a great collection of historic skateboarding memorabilia.500 Poindexter ave. , Moorpark CA 93021&lt;/p>&#xd;&#xa;"
                        textIsRich="true"/>
                    <text_711900451
                        jcr:created="{Date}2022-05-18T15:26:32.894+05:30"
                        jcr:createdBy="admin"
                        jcr:lastModified="{Date}2022-05-18T15:26:37.363+05:30"
                        jcr:lastModifiedBy="admin"
                        jcr:primaryType="nt:unstructured"
                        sling:resourceType="Project/components/content/text"
                        text="&lt;h2>&lt;b>Venice Beach Skate Park&lt;/b>&lt;/h2>&#xd;&#xa;&lt;p>&lt;b>Venice Beach Skate Park&lt;/b>, we may have saved the best for last. Probably considered the quintessential skate area in all of LA, perhaps the world, is the Venice Beach skatepark. Located just a stones throw away from the Venice beach boardwalk, there is no better place to strut your stuff then Venice Beach. Here you'll see not only incredible skating, but also incredible styles, skaters in gorilla suits, suits and ties, tutus. Ocean breezes and a view of the water attracts skaters and tourists a like at this wildly popular skatepark. The skateparks is expertly designed with a wide variety of street features and bowls. This place has an incredible vibe, the locals are friendly and welcoming to experts and beginners alike. If you can only choose one skatepark to visit, Venice beach is tough to beat.1800 Ocean Front Walk Venice, 90291&lt;/p>&#xd;&#xa;"
                        textIsRich="true"/>
                    <cq:responsive jcr:primaryType="nt:unstructured">
                        <default
                            jcr:primaryType="nt:unstructured"
                            offset="0"
                            width="7"/>
                    </cq:responsive>
                </container_638649202>
                <container_1719663799
                    jcr:created="{Date}2022-05-18T15:27:01.072+05:30"
                    jcr:createdBy="admin"
                    jcr:lastModified="{Date}2022-05-18T15:27:01.072+05:30"
                    jcr:lastModifiedBy="admin"
                    jcr:primaryType="nt:unstructured"
                    sling:resourceType="Project/components/content/container">
                    <text
                        jcr:created="{Date}2022-05-18T15:28:13.192+05:30"
                        jcr:createdBy="admin"
                        jcr:lastModified="{Date}2022-05-18T15:29:02.701+05:30"
                        jcr:lastModifiedBy="admin"
                        jcr:primaryType="nt:unstructured"
                        sling:resourceType="Project/components/content/text"
                        text="&lt;p>&lt;b>Share this story&lt;/b>&lt;/p>&#xd;&#xa;"
                        textIsRich="true"/>
                    <sharing
                        jcr:created="{Date}2022-05-18T15:29:08.719+05:30"
                        jcr:createdBy="admin"
                        jcr:lastModified="{Date}2022-05-18T15:29:08.719+05:30"
                        jcr:lastModifiedBy="admin"
                        jcr:primaryType="nt:unstructured"
                        sling:resourceType="Project/components/content/sharing"/>
                    <download
                        jcr:created="{Date}2022-05-18T15:29:30.631+05:30"
                        jcr:createdBy="admin"
                        jcr:lastModified="{Date}2022-05-18T15:34:27.579+05:30"
                        jcr:lastModifiedBy="admin"
                        jcr:primaryType="nt:unstructured"
                        sling:resourceType="Project/components/content/download"
                        actionText="DOWNLOAD PDF"
                        descriptionFromAsset="true"
                        fileReference="/content/dam/Milestone/en/magazine/la-skateparks/UltimateGuidetoLASkateParks.pdf"
                        inline="false"
                        textIsRich="true"
                        titleFromAsset="true"/>
                    <list
                        jcr:created="{Date}2022-05-18T15:30:29.333+05:30"
                        jcr:createdBy="admin"
                        jcr:lastModified="{Date}2022-05-18T15:31:14.081+05:30"
                        jcr:lastModifiedBy="admin"
                        jcr:primaryType="nt:unstructured"
                        sling:resourceType="Project/components/content/list"
                        childDepth="1"
                        linkItems="true"
                        listFrom="children"
                        parentPage="/content/Project/en/list"
                        showDescription="false"
                        showModificationDate="true"
                        sortOrder="asc"
                        tagsMatch="any"/>
                    <cq:responsive jcr:primaryType="nt:unstructured">
                        <default
                            jcr:primaryType="nt:unstructured"
                            offset="1"
                            width="4"/>
                    </cq:responsive>
                </container_1719663799>
                <container_1672884195
                    jcr:created="{Date}2022-05-18T15:38:22.191+05:30"
                    jcr:createdBy="admin"
                    jcr:lastModified="{Date}2022-05-18T15:38:22.191+05:30"
                    jcr:lastModifiedBy="admin"
                    jcr:primaryType="nt:unstructured"
                    sling:resourceType="Project/components/content/container">
                    <image
                        jcr:created="{Date}2022-05-18T15:38:28.139+05:30"
                        jcr:createdBy="admin"
                        jcr:lastModified="{Date}2022-05-18T15:38:48.942+05:30"
                        jcr:lastModifiedBy="admin"
                        jcr:primaryType="nt:unstructured"
                        sling:resourceType="Project/components/content/image"
                        alt="WKND Logo Light"
                        altValueFromDAM="false"
                        displayPopupTitle="true"
                        fileReference="/content/dam/Milestone/site/wknd-logo-light.svg"
                        isDecorative="false"
                        linkURL="/content/Project/en/wknd"
                        titleValueFromDAM="true"/>
                    <text
                        jcr:created="{Date}2022-05-18T15:38:54.341+05:30"
                        jcr:createdBy="admin"
                        jcr:lastModified="{Date}2022-05-18T15:39:16.516+05:30"
                        jcr:lastModifiedBy="admin"
                        jcr:primaryType="nt:unstructured"
                        sling:resourceType="Project/components/content/text"
                        text="&lt;p>Copyright 2022 | Priyanga S| AEM&amp;nbsp;&lt;/p>&#xd;&#xa;"
                        textIsRich="true"/>
                    <cq:responsive jcr:primaryType="nt:unstructured">
                        <default
                            jcr:primaryType="nt:unstructured"
                            offset="0"
                            width="6"/>
                    </cq:responsive>
                </container_1672884195>
            </responsivegrid>
        </root>
    </jcr:content>
</jcr:root>
